{
  "__type__": "cc.AnimationClip",
  "_name": "guide2",
  "_objFlags": 0,
  "_native": "",
  "_duration": 0.16666666666666666,
  "sample": 60,
  "speed": 0.3,
  "wrapMode": 22,
  "curveData": {
    "paths": {
      "hand1": {
        "props": {
          "position": [
            {
              "frame": 0,
              "value": [
                82.056,
                5.241,
                0
              ]
            },
            {
              "frame": 0.16666666666666666,
              "value": [
                75.663,
                9.666,
                0
              ]
            }
          ]
        }
      },
      "hand2": {
        "props": {
          "position": [
            {
              "frame": 0,
              "value": [
                84.107,
                -373.788,
                0
              ]
            },
            {
              "frame": 0.16666666666666666,
              "value": [
                77.571,
                -368.249,
                0
              ]
            }
          ]
        }
      }
    }
  },
  "events": []
}